<?xml version="1.0" encoding="UTF-8"?>
<project-private xmlns="http://www.netbeans.org/ns/project-private/1">
    <editor-bookmarks xmlns="http://www.netbeans.org/ns/editor-bookmarks/2" lastBookmarkId="0"/>
    <open-files xmlns="http://www.netbeans.org/ns/projectui-open-files/2">
        <group>
            <file>file:/C:/Users/HP/Documents/NetBeansProjects/LoginResiterPage/src/gui/mainPage.java</file>
            <file>file:/C:/Users/HP/Documents/NetBeansProjects/LoginResiterPage/src/db/DBconnect.java</file>
            <file>file:/C:/Users/HP/Documents/NetBeansProjects/LoginResiterPage/src/gui/RegiterPage.java</file>
            <file>file:/C:/Users/HP/Documents/NetBeansProjects/LoginResiterPage/src/gui/indexPage.java</file>
            <file>file:/C:/Users/HP/Documents/NetBeansProjects/LoginResiterPage/src/loginresiterpage/LoginResiterPage.java</file>
        </group>
    </open-files>
</project-private>
